{"cameraMode":{"drawMode":0,"name":"Shaded","section":"Shading Mode"},"sceneLighting":true,"audioPlay":false,"sceneViewState":{"showFog":true,"showMaterialUpdate":true,"showSkybox":true,"showFlares":true,"showImageEffects":true,"showParticleSystems":true},"in2DMode":false,"pivot":{"x":4.877760887145996,"y":1.5306544303894044,"z":5.114269733428955},"rotation":{"x":0.004361029714345932,"y":-0.9796185493469238,"z":0.1999129205942154,"w":0.021496649831533433},"size":5.184873104095459,"orthographic":false}