{"cameraMode":{"drawMode":0,"name":"Shaded","section":"Shading Mode"},"sceneLighting":true,"audioPlay":false,"sceneViewState":{"showFog":true,"showMaterialUpdate":true,"showSkybox":true,"showFlares":true,"showImageEffects":true,"showParticleSystems":true},"in2DMode":false,"pivot":{"x":7.091095924377441,"y":3.263772964477539,"z":13.32218074798584},"rotation":{"x":-0.0485701821744442,"y":0.15580147504806519,"z":0.007680952083319426,"w":0.9865952730178833},"size":11.875109672546387,"orthographic":false}